'IE1234567','M','2015-01-06','IE987654','LMX','LMX76767','','',''
'IE1234568','M','2015-01-06','IE987655','LMX','LMX76767','','',''
'IE1234569','M','2015-01-06','IE987656','LMX','LMX76767','','',''
'IE1234570','M','2015-01-06','IE987657','LMX','LMX76767','','',''
'IE1234571','M','2015-01-06','IE987658','LMX','LMX76767','','',''
'IE1234572','M','2015-01-06','IE987659','LMX','LMX76767','','',''
'IE1234573','M','2015-01-06','IE987660','LMX','LMX76767','','',''
'IE1234574','M','2015-01-06','IE987661','LMX','LMX76767','','',''
'IE1234575','M','2015-01-06','IE987662','LMX','LMX76767','','',''
'IE1234576','M','2015-01-06','IE987663','LMX','LMX76767','','',''
'IE1234577','M','2015-01-06','IE987664','LMX','LMX76767','','',''
'IE1234578','M','2015-01-06','IE987665','LMX','LMX76767','','',''
'IE1234579','M','2015-01-06','IE987666','LMX','LMX76767','','',''
'IE1234580','M','2015-01-06','IE987667','LMX','LMX76767','','',''
'IE1234581','M','2015-01-06','IE987668','LMX','LMX76767','','',''
'IE1234582','M','2015-01-06','IE987669','LMX','LMX76767','','',''
'IE1234583','M','2015-01-06','IE987670','LMX','LMX76767','','',''
'IE1234584','M','2015-01-06','IE987671','LMX','LMX76767','','',''
'IE1234585','M','2015-01-06','IE987672','LMX','LMX76767','','',''
'IE1234586','M','2015-01-06','IE987673','LMX','LMX76767','','',''
'IE1234587','M','2015-01-06','IE987674','LMX','LMX76767','','',''
'IE1234588','M','2015-01-06','IE987675','LMX','LMX76767','','',''
'IE1234589','M','2015-01-06','IE987676','LMX','LMX76767','','',''
'IE1234590','M','2015-01-06','IE987677','LMX','LMX76767','','',''
'IE1234591','M','2015-01-06','IE987678','LMX','LMX76767','','',''
'IE1234592','M','2015-01-06','IE987679','LMX','LMX76767','','',''
'IE1234593','M','2015-01-06','IE987680','LMX','LMX76767','','',''
'IE1234594','M','2015-01-06','IE987681','LMX','LMX76767','','',''
'IE1234595','M','2015-01-06','IE987682','LMX','LMX76767','','',''
'IE1234596','M','2015-01-06','IE987683','LMX','LMX76767','','',''
'IE1234597','M','2015-01-06','IE987684','LMX','LMX76767','','',''
'IE1234598','M','2015-01-06','IE987685','LMX','LMX76767','','',''
'IE1234599','M','2015-01-06','IE987686','LMX','LMX76767','','',''
'IE1234600','M','2015-01-06','IE987687','LMX','LMX76767','','',''
'IE1234601','M','2015-01-06','IE987688','LMX','LMX76767','','',''
'IE1234602','M','2015-01-06','IE987689','LMX','LMX76767','','',''
'IE1234603','M','2015-01-06','IE987690','LMX','LMX76767','','',''
'IE1234604','M','2015-01-06','IE987691','LMX','LMX76767','','',''
'IE1234605','M','2015-01-06','IE987692','LMX','LMX76767','','',''
'IE1234606','M','2015-01-06','IE987693','LMX','LMX76767','','',''
'IE1234607','M','2015-01-06','IE987694','LMX','LMX76767','','',''
'IE1234608','M','2015-01-06','IE987695','LMX','LMX76767','','',''
'IE1234609','M','2015-01-06','IE987696','LMX','LMX76767','','',''
'IE1234610','M','2015-01-06','IE987697','LMX','LMX76767','','',''
'IE1234611','M','2015-01-06','IE987698','LMX','LMX76767','','',''
'IE1234612','M','2015-01-06','IE987699','LMX','LMX76767','','',''
'IE1234613','M','2015-01-06','IE987700','LMX','LMX76767','','',''
'IE1234614','M','2015-01-06','IE987701','LMX','LMX76767','','',''
'IE1234615','M','2015-01-06','IE987702','LMX','LMX76767','','',''
'IE1234616','M','2015-01-06','IE987703','LMX','LMX76767','','',''
'IE1234617','M','2015-01-06','IE987704','LMX','LMX76767','','',''
'IE1234618','M','2015-01-06','IE987705','LMX','LMX76767','','',''
'IE1234619','M','2015-01-06','IE987706','LMX','LMX76767','','',''
'IE1234620','M','2015-01-06','IE987707','LMX','LMX76767','','',''
'IE1234621','M','2015-01-06','IE987708','LMX','LMX76767','','',''
'IE1234622','M','2015-01-06','IE987709','LMX','LMX76767','','',''
'IE1234623','M','2015-01-06','IE987710','LMX','LMX76767','','',''
'IE1234624','M','2015-01-06','IE987711','LMX','LMX76767','','',''
'IE1234625','M','2015-01-06','IE987712','LMX','LMX76767','','',''
'IE1234626','M','2015-01-06','IE987713','LMX','LMX76767','','',''
'IE1234627','M','2015-01-06','IE987714','LMX','LMX76767','','',''
'IE1234628','M','2015-01-06','IE987715','LMX','LMX76767','','',''
'IE1234629','M','2015-01-06','IE987716','LMX','LMX76767','','',''
'IE1234630','M','2015-01-06','IE987717','LMX','LMX76767','','',''
'IE1234631','M','2015-01-06','IE987718','LMX','LMX76767','','',''
'IE1234632','M','2015-01-06','IE987719','LMX','LMX76767','','',''
'IE1234633','M','2015-01-06','IE987720','LMX','LMX76767','','',''
'IE1234634','M','2015-01-06','IE987721','LMX','LMX76767','','',''
'IE1234635','M','2015-01-06','IE987722','LMX','LMX76767','','',''
'IE1234636','M','2015-01-06','IE987723','LMX','LMX76767','','',''
'IE1234637','M','2015-01-06','IE987724','LMX','LMX76767','','',''
'IE1234638','M','2015-01-06','IE987725','LMX','LMX76767','','',''
'IE1234639','M','2015-01-06','IE987726','LMX','LMX76767','','',''
'IE1234640','M','2015-01-06','IE987727','LMX','LMX76767','','',''
'IE1234641','M','2015-01-06','IE987728','LMX','LMX76767','','',''
'IE1234642','M','2015-01-06','IE987729','LMX','LMX76767','','',''
'IE1234643','M','2015-01-06','IE987730','LMX','LMX76767','','',''
'IE1234644','M','2015-01-06','IE987731','LMX','LMX76767','','',''
'IE1234645','M','2015-01-06','IE987732','LMX','LMX76767','','',''
'IE1234646','M','2015-01-06','IE987733','LMX','LMX76767','','',''
'IE1234647','M','2015-01-06','IE987734','LMX','LMX76767','','',''
'IE1234648','M','2015-01-06','IE987735','LMX','LMX76767','','',''
'IE1234649','M','2015-01-06','IE987736','LMX','LMX76767','','',''
'IE1234650','M','2015-01-06','IE987737','LMX','LMX76767','','',''
'IE1234651','M','2015-01-06','IE987738','LMX','LMX76767','','',''
'IE1234652','M','2015-01-06','IE987739','LMX','LMX76767','','',''
'IE1234653','M','2015-01-06','IE987740','LMX','LMX76767','','',''
'IE1234654','M','2015-01-06','IE987741','LMX','LMX76767','','',''
'IE1234655','M','2015-01-06','IE987742','LMX','LMX76767','','',''
'IE1234656','M','2015-01-06','IE987743','LMX','LMX76767','','',''
'IE1234657','M','2015-01-06','IE987744','LMX','LMX76767','','',''
'IE1234658','M','2015-01-06','IE987745','LMX','LMX76767','','',''
'IE1234659','M','2015-01-06','IE987746','LMX','LMX76767','','',''
'IE1234660','M','2015-01-06','IE987747','LMX','LMX76767','','',''
'IE1234661','M','2015-01-06','IE987748','LMX','LMX76767','','',''
'IE1234662','M','2015-01-06','IE987749','LMX','LMX76767','','',''
'IE1234663','M','2015-01-06','IE987750','LMX','LMX76767','','',''
'IE1234664','M','2015-01-06','IE987751','LMX','LMX76767','','',''
'IE1234665','M','2015-01-06','IE987752','LMX','LMX76767','','',''
'IE1234666','M','2015-01-06','IE987753','LMX','LMX76767','','',''